customer_id,channel,city,sector
CUSTJ00001,online,Irbid,individual
CUSTJ00002,offline,Amman,individual
CUSTJ00002,online,Irbid,individual
CUSTJ00003,online,Aqaba,individual
CUSTJ00004,offline,Amman,office
CUSTJ00004,online,Irbid,office
CUSTJ00005,offline,Amman,individual
CUSTJ00006,offline,Amman,office
CUSTJ00006,online,Irbid,office
CUSTJ00007,offline,Amman,company
CUSTJ00007,online,Madaba,company
CUSTJ00008,online,Amman,individual
CUSTJ00009,offline,Amman,individual
CUSTJ00010,offline,Amman,office
CUSTJ00010,online,Irbid,office
CUSTJ00011,offline,Amman,company
CUSTJ00011,online,Irbid,company
CUSTJ00012,offline,Amman,individual
CUSTJ00012,online,Irbid,individual
CUSTJ00013,online,Zarqa,individual
CUSTJ00014,offline,Amman,individual
CUSTJ00015,offline,Amman,office
CUSTJ00015,online,Zarqa,office
CUSTJ00016,offline,Amman,individual
CUSTJ00017,offline,Amman,individual
CUSTJ00018,online,Irbid,individual
CUSTJ00019,offline,Amman,individual
CUSTJ00020,online,Irbid,individual
CUSTJ00021,offline,Amman,office
CUSTJ00021,online,Amman,office
CUSTJ00022,offline,Amman,individual
CUSTJ00023,online,Irbid,individual
CUSTJ00024,offline,Amman,individual
CUSTJ00025,online,Zarqa,individual
CUSTJ00026,offline,Amman,university
CUSTJ00026,online,Amman,university
CUSTJ00027,offline,Amman,individual
CUSTJ00028,online,Irbid,individual
CUSTJ00029,offline,Amman,office
CUSTJ00029,online,Amman,office
CUSTJ00030,offline,Amman,individual
CUSTJ00030,online,Irbid,individual
CUSTJ00031,online,Irbid,individual
CUSTJ00032,offline,Amman,individual
CUSTJ00033,offline,Amman,office
CUSTJ00033,online,Irbid,office
CUSTJ00034,offline,Amman,individual
CUSTJ00034,online,Zarqa,individual
CUSTJ00035,online,Amman,individual
CUSTJ00036,offline,Amman,university
CUSTJ00036,online,Irbid,university
CUSTJ00037,online,Irbid,individual
CUSTJ00038,offline,Amman,individual
CUSTJ00039,offline,Amman,individual
CUSTJ00039,online,Irbid,individual
CUSTJ00040,offline,Amman,office
CUSTJ00040,online,Irbid,office
CUSTJ00041,offline,Amman,individual
CUSTJ00042,online,Irbid,individual
CUSTJ00043,online,Amman,individual
CUSTJ00044,offline,Amman,company
CUSTJ00044,online,Irbid,company
CUSTJ00045,online,Aqaba,individual
CUSTJ00046,offline,Amman,individual
CUSTJ00047,offline,Amman,individual
CUSTJ00048,online,Madaba,individual
CUSTJ00049,online,Irbid,individual
CUSTJ00050,offline,Amman,individual
CUSTJ00050,online,Karak,individual
CUSTJ00051,online,Irbid,individual
CUSTJ00052,offline,Amman,individual
CUSTJ00053,offline,Amman,office
CUSTJ00053,online,Madaba,office
CUSTJ00054,online,Irbid,individual
CUSTJ00055,offline,Amman,individual
CUSTJ00055,online,Madaba,individual
CUSTJ00056,online,Irbid,individual
CUSTJ00057,online,Madaba,individual
CUSTJ00058,online,Karak,individual
CUSTJ00059,offline,Amman,individual
CUSTJ00060,online,Irbid,individual
CUSTJ00061,online,Amman,individual
CUSTJ00062,offline,Amman,company
CUSTJ00062,online,Irbid,company
CUSTJ00063,offline,Amman,individual
CUSTJ00064,offline,Amman,individual
CUSTJ00065,offline,Amman,company
CUSTJ00065,online,Irbid,company
CUSTJ00066,online,Irbid,individual
CUSTJ00067,offline,Amman,individual
CUSTJ00068,offline,Amman,company
CUSTJ00068,online,Amman,company
CUSTJ00069,offline,Amman,individual
CUSTJ00069,online,Irbid,individual
CUSTJ00070,offline,Amman,individual
CUSTJ00071,online,Irbid,individual
CUSTJ00072,offline,Amman,individual
CUSTJ00073,offline,Amman,university
CUSTJ00073,online,Irbid,university
CUSTJ00074,offline,Amman,office
CUSTJ00074,online,Karak,office
CUSTJ00075,offline,Amman,office
CUSTJ00075,online,Aqaba,office
CUSTJ00076,online,Irbid,individual
CUSTJ00077,offline,Amman,individual
CUSTJ00077,online,Irbid,individual
CUSTJ00078,online,Karak,individual
CUSTJ00079,offline,Amman,individual
CUSTJ00080,offline,Amman,individual
CUSTJ00080,online,Irbid,individual
CUSTJ00081,offline,Amman,office
CUSTJ00081,online,Irbid,office
CUSTJ00082,offline,Amman,individual
CUSTJ00083,offline,Amman,office
CUSTJ00083,online,Karak,office
CUSTJ00084,offline,Amman,office
CUSTJ00085,online,Aqaba,individual
CUSTJ00086,offline,Amman,individual
CUSTJ00087,offline,Amman,individual
CUSTJ00088,online,Irbid,office
CUSTJ00089,offline,Amman,university
CUSTJ00089,online,Madaba,university
CUSTJ00090,offline,Amman,individual
CUSTJ00091,offline,Amman,office
CUSTJ00091,online,Irbid,office
CUSTJ00092,offline,Amman,company
CUSTJ00092,online,Irbid,company
CUSTJ00093,offline,Amman,office
CUSTJ00093,online,Irbid,office
CUSTJ00094,offline,Amman,individual
CUSTJ00094,online,Amman,individual
CUSTJ00095,online,Karak,individual
CUSTJ00096,offline,Amman,office
CUSTJ00096,online,Irbid,office
CUSTJ00097,offline,Amman,office
CUSTJ00097,online,Madaba,office
CUSTJ00098,offline,Amman,individual
CUSTJ00099,offline,Amman,office
CUSTJ00099,online,Amman,office
CUSTJ00100,offline,Amman,company
CUSTJ00100,online,Zarqa,company
CUSTJ00101,offline,Amman,individual
CUSTJ00102,offline,Amman,individual
CUSTJ00103,offline,Amman,individual
CUSTJ00104,offline,Amman,company
CUSTJ00104,online,Aqaba,company
CUSTJ00105,offline,Amman,individual
CUSTJ00106,online,Irbid,individual
CUSTJ00107,offline,Amman,university
CUSTJ00107,online,Irbid,university
CUSTJ00108,online,Karak,individual
CUSTJ00109,offline,Amman,individual
CUSTJ00110,offline,Amman,individual
CUSTJ00111,offline,Amman,individual
CUSTJ00112,offline,Amman,individual
CUSTJ00112,online,Irbid,individual
CUSTJ00113,offline,Amman,individual
CUSTJ00114,offline,Amman,individual
CUSTJ00115,offline,Amman,individual
CUSTJ00116,offline,Amman,individual
CUSTJ00117,offline,Amman,individual
CUSTJ00118,offline,Amman,individual
CUSTJ00119,offline,Amman,individual
CUSTJ00120,offline,Amman,individual
CUSTJ00121,offline,Amman,office
CUSTJ00121,online,Zarqa,office
CUSTJ00122,offline,Amman,individual
CUSTJ00123,offline,Amman,office
CUSTJ00124,offline,Amman,office
CUSTJ00124,online,Irbid,office
CUSTJ00125,offline,Amman,individual
CUSTJ00125,online,Karak,individual
CUSTJ00126,offline,Amman,university
CUSTJ00126,online,Irbid,university
CUSTJ00127,offline,Amman,government
CUSTJ00127,online,Amman,government
CUSTJ00128,offline,Amman,office
CUSTJ00128,online,Irbid,office
CUSTJ00129,offline,Amman,individual
CUSTJ00130,online,Karak,individual
CUSTJ00131,offline,Amman,individual
CUSTJ00132,offline,Amman,individual
CUSTJ00133,offline,Amman,individual
CUSTJ00134,online,Amman,individual
CUSTJ00135,online,Aqaba,individual
CUSTJ00136,offline,Amman,individual
CUSTJ00137,online,Karak,individual
CUSTJ00138,offline,Amman,individual
CUSTJ00139,online,Karak,individual
CUSTJ00140,offline,Amman,office
CUSTJ00140,online,Aqaba,office
CUSTJ00141,offline,Amman,office
CUSTJ00141,online,Irbid,office
CUSTJ00142,offline,Amman,office
CUSTJ00142,online,Irbid,office
CUSTJ00143,online,Irbid,individual
CUSTJ00144,online,Irbid,individual
CUSTJ00145,online,Irbid,individual
CUSTJ00146,offline,Amman,individual
CUSTJ00146,online,Irbid,individual
CUSTJ00147,offline,Amman,individual
CUSTJ00148,offline,Amman,individual
CUSTJ00149,offline,Amman,office
CUSTJ00150,online,Aqaba,individual
CUSTJ00151,offline,Amman,individual
CUSTJ00152,offline,Amman,office
CUSTJ00152,online,Irbid,office
CUSTJ00153,offline,Amman,individual
CUSTJ00153,online,Irbid,individual
CUSTJ00154,online,Irbid,individual
CUSTJ00155,offline,Amman,office
CUSTJ00155,online,Irbid,office
CUSTJ00156,offline,Amman,individual
CUSTJ00157,online,Amman,individual
CUSTJ00158,offline,Amman,office
CUSTJ00158,online,Irbid,office
CUSTJ00159,online,Aqaba,individual
CUSTJ00160,offline,Amman,company
CUSTJ00160,online,Madaba,company
CUSTJ00161,offline,Amman,government
CUSTJ00161,online,Irbid,government
CUSTJ00162,offline,Amman,individual
CUSTJ00162,online,Irbid,individual
CUSTJ00163,online,Irbid,individual
CUSTJ00164,offline,Amman,office
CUSTJ00164,online,Irbid,office
CUSTJ00165,offline,Amman,office
CUSTJ00165,online,Irbid,office
CUSTJ00166,online,Irbid,individual
CUSTJ00167,offline,Amman,office
CUSTJ00167,online,Irbid,office
CUSTJ00168,offline,Amman,office
CUSTJ00168,online,Irbid,office
CUSTJ00169,offline,Amman,individual
CUSTJ00170,offline,Amman,company
CUSTJ00170,online,Karak,company
CUSTJ00171,online,Irbid,individual
CUSTJ00172,offline,Amman,individual
CUSTJ00172,online,Irbid,individual
CUSTJ00173,online,Zarqa,individual
CUSTJ00174,offline,Amman,individual
CUSTJ00174,online,Amman,individual
CUSTJ00175,offline,Amman,individual
CUSTJ00175,online,Irbid,individual
CUSTJ00176,online,Amman,individual
CUSTJ00177,offline,Amman,individual
CUSTJ00178,online,Amman,individual
CUSTJ00179,offline,Amman,individual
CUSTJ00180,offline,Amman,university
CUSTJ00180,online,Irbid,university
CUSTJ00181,offline,Amman,individual
CUSTJ00182,offline,Amman,office
CUSTJ00182,online,Irbid,office
CUSTJ00183,online,Irbid,individual
CUSTJ00184,offline,Amman,university
CUSTJ00184,online,Aqaba,university
CUSTJ00185,offline,Amman,office
CUSTJ00185,online,Karak,office
CUSTJ00186,offline,Amman,office
CUSTJ00186,online,Irbid,office
CUSTJ00187,online,Irbid,individual
CUSTJ00188,online,Irbid,office
CUSTJ00189,offline,Amman,university
CUSTJ00189,online,Irbid,university
CUSTJ00190,offline,Amman,office
CUSTJ00190,online,Irbid,office
CUSTJ00191,offline,Amman,office
CUSTJ00192,offline,Amman,office
CUSTJ00192,online,Irbid,office
CUSTJ00193,offline,Amman,office
CUSTJ00193,online,Irbid,office
CUSTJ00194,offline,Amman,individual
CUSTJ00194,online,Irbid,individual
CUSTJ00195,offline,Amman,individual
CUSTJ00196,offline,Amman,office
CUSTJ00196,online,Irbid,office
CUSTJ00197,offline,Amman,individual
CUSTJ00197,online,Irbid,individual
CUSTJ00198,offline,Amman,individual
CUSTJ00198,online,Irbid,individual
CUSTJ00199,offline,Amman,individual
CUSTJ00200,offline,Amman,individual
CUSTJ00200,online,Amman,individual
CUSTJ00201,offline,Amman,office
CUSTJ00201,online,Irbid,office
CUSTJ00202,offline,Amman,individual
CUSTJ00203,offline,Amman,individual
CUSTJ00204,offline,Amman,office
CUSTJ00204,online,Irbid,office
CUSTJ00205,online,Amman,individual
CUSTJ00206,offline,Amman,office
CUSTJ00206,online,Aqaba,office
CUSTJ00207,offline,Amman,individual
CUSTJ00208,offline,Amman,office
CUSTJ00208,online,Irbid,office
CUSTJ00209,offline,Amman,university
CUSTJ00209,online,Irbid,university
CUSTJ00210,offline,Amman,office
CUSTJ00210,online,Zarqa,office
CUSTJ00211,offline,Amman,individual
CUSTJ00211,online,Irbid,individual
CUSTJ00212,offline,Amman,office
CUSTJ00212,online,Karak,office
CUSTJ00213,offline,Amman,individual
CUSTJ00213,online,Karak,individual
CUSTJ00214,offline,Amman,office
CUSTJ00214,online,Irbid,office
CUSTJ00215,online,Aqaba,individual
CUSTJ00216,offline,Amman,individual
CUSTJ00217,online,Amman,individual
CUSTJ00218,offline,Amman,company
CUSTJ00218,online,Irbid,company
CUSTJ00219,offline,Amman,individual
CUSTJ00219,online,Irbid,individual
CUSTJ00220,offline,Amman,individual
CUSTJ00220,online,Irbid,individual
CUSTJ00221,offline,Amman,office
CUSTJ00221,online,Irbid,office
CUSTJ00222,offline,Amman,office
CUSTJ00222,online,Amman,office
CUSTJ00223,offline,Amman,individual
CUSTJ00224,offline,Amman,individual
CUSTJ00224,online,Irbid,individual
CUSTJ00225,online,Amman,individual
CUSTJ00226,offline,Amman,government
CUSTJ00226,online,Aqaba,government
CUSTJ00227,offline,Amman,office
CUSTJ00227,online,Irbid,office
CUSTJ00228,offline,Amman,individual
CUSTJ00229,offline,Amman,company
CUSTJ00229,online,Irbid,company
CUSTJ00230,offline,Amman,government
CUSTJ00230,online,Irbid,government
CUSTJ00231,offline,Amman,individual
CUSTJ00232,offline,Amman,office
CUSTJ00232,online,Irbid,office
CUSTJ00233,offline,Amman,individual
CUSTJ00233,online,Irbid,individual
CUSTJ00234,offline,Amman,office
CUSTJ00234,online,Amman,office
CUSTJ00235,offline,Amman,company
CUSTJ00235,online,Irbid,company
CUSTJ00236,online,Amman,office
CUSTJ00237,offline,Amman,office
CUSTJ00237,online,Irbid,office
CUSTJ00238,online,Aqaba,individual
CUSTJ00239,offline,Amman,office
CUSTJ00239,online,Zarqa,office
CUSTJ00240,offline,Amman,individual
CUSTJ00240,online,Irbid,individual
CUSTJ00241,offline,Amman,individual
CUSTJ00241,online,Irbid,individual
CUSTJ00242,offline,Amman,office
CUSTJ00242,online,Zarqa,office
CUSTJ00243,offline,Amman,office
CUSTJ00243,online,Irbid,office
CUSTJ00244,offline,Amman,individual
CUSTJ00245,offline,Amman,individual
CUSTJ00246,offline,Amman,office
CUSTJ00246,online,Amman,office
CUSTJ00247,offline,Amman,individual
CUSTJ00247,online,Madaba,individual
CUSTJ00248,offline,Amman,individual
CUSTJ00249,offline,Amman,office
CUSTJ00249,online,Karak,office
CUSTJ00250,online,Irbid,individual
CUSTJ00251,offline,Amman,individual
CUSTJ00252,online,Karak,office
CUSTJ00253,offline,Amman,individual
CUSTJ00254,offline,Amman,office
CUSTJ00254,online,Aqaba,office
CUSTJ00255,online,Irbid,individual
CUSTJ00256,online,Amman,individual
CUSTJ00257,offline,Amman,company
CUSTJ00257,online,Madaba,company
CUSTJ00258,offline,Amman,individual
CUSTJ00258,online,Irbid,individual
CUSTJ00259,online,Irbid,individual
CUSTJ00260,offline,Amman,government
CUSTJ00260,online,Irbid,government
CUSTJ00261,online,Aqaba,individual
CUSTJ00262,online,Zarqa,individual
CUSTJ00263,offline,Amman,individual
CUSTJ00264,offline,Amman,individual
CUSTJ00265,online,Karak,individual
CUSTJ00266,offline,Amman,company
CUSTJ00266,online,Karak,company
CUSTJ00267,online,Madaba,individual
CUSTJ00268,offline,Amman,individual
CUSTJ00269,offline,Amman,individual
CUSTJ00270,offline,Amman,individual
CUSTJ00270,online,Irbid,individual
CUSTJ00271,online,Irbid,individual
CUSTJ00272,offline,Amman,office
CUSTJ00272,online,Irbid,office
CUSTJ00273,offline,Amman,individual
CUSTJ00273,online,Irbid,individual
CUSTJ00274,online,Aqaba,individual
CUSTJ00275,offline,Amman,company
CUSTJ00275,online,Irbid,company
CUSTJ00276,offline,Amman,individual
CUSTJ00277,offline,Amman,individual
CUSTJ00278,online,Madaba,individual
CUSTJ00279,offline,Amman,individual
CUSTJ00279,online,Irbid,individual
CUSTJ00280,offline,Amman,individual
CUSTJ00281,online,Amman,individual
CUSTJ00282,offline,Amman,university
CUSTJ00282,online,Aqaba,university
CUSTJ00283,offline,Amman,company
CUSTJ00283,online,Irbid,company
CUSTJ00284,offline,Amman,individual
CUSTJ00284,online,Karak,individual
CUSTJ00285,offline,Amman,office
CUSTJ00285,online,Irbid,office
CUSTJ00286,online,Irbid,individual
CUSTJ00287,online,Madaba,individual
CUSTJ00288,offline,Amman,individual
CUSTJ00289,offline,Amman,individual
CUSTJ00290,online,Karak,individual
CUSTJ00291,offline,Amman,individual
CUSTJ00291,online,Irbid,individual
CUSTJ00292,offline,Amman,individual
CUSTJ00292,online,Karak,individual
CUSTJ00293,offline,Amman,individual
CUSTJ00294,online,Amman,individual
CUSTJ00295,offline,Amman,office
CUSTJ00295,online,Irbid,office
CUSTJ00296,offline,Amman,individual
CUSTJ00296,online,Irbid,individual
CUSTJ00297,offline,Amman,individual
CUSTJ00297,online,Amman,individual
CUSTJ00298,offline,Amman,individual
CUSTJ00299,offline,Amman,individual
CUSTJ00300,offline,Amman,office
CUSTJ00300,online,Irbid,office
CUSTJ00301,offline,Amman,office
CUSTJ00302,offline,Amman,individual
CUSTJ00302,online,Madaba,individual
CUSTJ00303,offline,Amman,individual
CUSTJ00303,online,Madaba,individual
CUSTJ00304,offline,Amman,government
CUSTJ00304,online,Irbid,government
CUSTJ00305,online,Irbid,individual
CUSTJ00306,online,Irbid,office
CUSTJ00307,online,Aqaba,individual
CUSTJ00308,offline,Amman,individual
CUSTJ00309,offline,Amman,individual
CUSTJ00310,online,Madaba,individual
CUSTJ00311,offline,Amman,office
CUSTJ00311,online,Irbid,office
CUSTJ00312,offline,Amman,individual
CUSTJ00313,offline,Amman,individual
CUSTJ00313,online,Aqaba,individual
CUSTJ00314,online,Aqaba,individual
CUSTJ00315,online,Irbid,individual
CUSTJ00316,offline,Amman,individual
CUSTJ00316,online,Irbid,individual
CUSTJ00317,offline,Amman,office
CUSTJ00317,online,Irbid,office
CUSTJ00318,online,Aqaba,individual
CUSTJ00319,offline,Amman,office
CUSTJ00319,online,Karak,office
CUSTJ00320,offline,Amman,office
CUSTJ00321,offline,Amman,office
CUSTJ00321,online,Irbid,office
CUSTJ00322,offline,Amman,individual
CUSTJ00322,online,Madaba,individual
CUSTJ00323,offline,Amman,individual
CUSTJ00324,offline,Amman,individual
CUSTJ00325,offline,Amman,individual
CUSTJ00325,online,Irbid,individual
CUSTJ00326,offline,Amman,office
CUSTJ00326,online,Karak,office
CUSTJ00327,offline,Amman,office
CUSTJ00327,online,Irbid,office
CUSTJ00328,online,Aqaba,individual
CUSTJ00329,online,Madaba,individual
CUSTJ00330,offline,Amman,office
CUSTJ00330,online,Zarqa,office
CUSTJ00331,online,Aqaba,individual
CUSTJ00332,offline,Amman,individual
CUSTJ00333,offline,Amman,individual
CUSTJ00334,offline,Amman,company
CUSTJ00334,online,Irbid,company
CUSTJ00335,offline,Amman,office
CUSTJ00335,online,Madaba,office
CUSTJ00336,offline,Amman,office
CUSTJ00336,online,Irbid,office
CUSTJ00337,offline,Amman,company
CUSTJ00337,online,Aqaba,company
CUSTJ00338,offline,Amman,government
CUSTJ00338,online,Irbid,government
CUSTJ00339,offline,Amman,individual
CUSTJ00339,online,Irbid,individual
CUSTJ00340,offline,Amman,office
CUSTJ00340,online,Irbid,office
CUSTJ00341,offline,Amman,individual
CUSTJ00341,online,Irbid,individual
CUSTJ00342,offline,Amman,individual
CUSTJ00342,online,Karak,individual
CUSTJ00343,online,Amman,individual
CUSTJ00344,online,Aqaba,individual
CUSTJ00345,offline,Amman,office
CUSTJ00345,online,Irbid,office
CUSTJ00346,online,Karak,individual
CUSTJ00347,online,Irbid,individual
CUSTJ00348,offline,Amman,individual
CUSTJ00349,offline,Amman,individual
CUSTJ00350,online,Irbid,individual
CUSTJ00351,online,Karak,individual
CUSTJ00352,offline,Amman,individual
CUSTJ00353,offline,Amman,office
CUSTJ00353,online,Irbid,office
CUSTJ00354,online,Irbid,office
CUSTJ00355,offline,Amman,individual
CUSTJ00356,offline,Amman,office
CUSTJ00357,offline,Amman,office
CUSTJ00357,online,Amman,office
CUSTJ00358,offline,Amman,individual
CUSTJ00358,online,Irbid,individual
CUSTJ00359,offline,Amman,office
CUSTJ00359,online,Karak,office
CUSTJ00360,offline,Amman,office
CUSTJ00360,online,Irbid,office
CUSTJ00361,online,Irbid,individual
CUSTJ00362,offline,Amman,company
CUSTJ00362,online,Madaba,company
CUSTJ00363,offline,Amman,individual
CUSTJ00364,offline,Amman,individual
CUSTJ00364,online,Irbid,individual
CUSTJ00365,offline,Amman,individual
CUSTJ00366,offline,Amman,individual
CUSTJ00367,online,Irbid,individual
CUSTJ00368,online,Irbid,individual
CUSTJ00369,offline,Amman,individual
CUSTJ00369,online,Zarqa,individual
CUSTJ00369,unknown,Amman,individual
CUSTJ00370,online,Karak,individual
CUSTJ00371,offline,Amman,individual
CUSTJ00372,offline,Amman,individual
CUSTJ00373,online,Zarqa,individual
CUSTJ00374,offline,Amman,individual
CUSTJ00374,online,Irbid,individual
CUSTJ00375,offline,Amman,office
CUSTJ00375,online,Madaba,office
CUSTJ00376,offline,Amman,individual
CUSTJ00377,online,Irbid,individual
CUSTJ00378,offline,Amman,individual
CUSTJ00379,offline,Amman,individual
CUSTJ00379,online,Zarqa,individual
CUSTJ00380,offline,Amman,individual
CUSTJ00381,offline,Amman,office
CUSTJ00381,online,Irbid,office
CUSTJ00382,offline,Amman,individual
CUSTJ00382,online,Irbid,individual
CUSTJ00383,offline,Amman,company
CUSTJ00383,online,Irbid,company
CUSTJ00384,offline,Amman,company
CUSTJ00384,online,Irbid,company
CUSTJ00385,online,Madaba,individual
CUSTJ00386,offline,Amman,individual
CUSTJ00387,offline,Amman,individual
CUSTJ00388,offline,Amman,individual
CUSTJ00388,online,Karak,individual
CUSTJ00389,offline,Amman,individual
CUSTJ00390,offline,Amman,office
CUSTJ00390,online,Irbid,office
CUSTJ00391,online,Karak,individual
CUSTJ00392,offline,Amman,individual
CUSTJ00393,online,Zarqa,individual
CUSTJ00394,offline,Amman,individual
CUSTJ00394,online,Irbid,individual
CUSTJ00395,offline,Amman,individual
CUSTJ00396,offline,Amman,individual
CUSTJ00396,online,Irbid,individual
CUSTJ00397,offline,Amman,individual
CUSTJ00397,online,Aqaba,individual
CUSTJ00398,offline,Amman,office
CUSTJ00398,online,Aqaba,office
CUSTJ00399,offline,Amman,individual
CUSTJ00399,online,Madaba,individual
CUSTJ00400,offline,Amman,individual
CUSTJ00400,online,Irbid,individual
CUSTJ00401,offline,Amman,company
CUSTJ00401,online,Zarqa,company
CUSTJ00402,offline,Amman,individual
CUSTJ00403,offline,Amman,company
CUSTJ00403,online,Aqaba,company
CUSTJ00404,online,Irbid,individual
CUSTJ00405,online,Irbid,individual
CUSTJ00406,online,Irbid,individual
CUSTJ00407,offline,Amman,company
CUSTJ00407,online,Zarqa,company
CUSTJ00408,offline,Amman,company
CUSTJ00408,online,Madaba,company
CUSTJ00409,offline,Amman,company
CUSTJ00409,online,Karak,company
CUSTJ00410,offline,Amman,individual
CUSTJ00410,online,Irbid,individual
CUSTJ00411,online,Irbid,office
CUSTJ00412,offline,Amman,office
CUSTJ00412,online,Karak,office
CUSTJ00413,offline,Amman,individual
CUSTJ00413,online,Irbid,individual
CUSTJ00414,offline,Amman,office
CUSTJ00414,online,Irbid,office
CUSTJ00415,offline,Amman,office
CUSTJ00416,offline,Amman,office
CUSTJ00416,online,Madaba,office
CUSTJ00417,online,Karak,individual
CUSTJ00418,online,Amman,individual
CUSTJ00419,offline,Amman,individual
CUSTJ00420,offline,Amman,individual
CUSTJ00421,offline,Amman,office
CUSTJ00421,online,Irbid,office
CUSTJ00422,online,Irbid,individual
CUSTJ00423,offline,Amman,individual
CUSTJ00423,online,Irbid,individual
CUSTJ00424,online,Karak,individual
CUSTJ00425,offline,Amman,individual
CUSTJ00426,online,Madaba,individual
CUSTJ00427,offline,Amman,office
CUSTJ00427,online,Irbid,office
CUSTJ00428,offline,Amman,individual
CUSTJ00429,offline,Amman,individual
CUSTJ00430,offline,Amman,individual
CUSTJ00431,offline,Amman,individual
CUSTJ00431,online,Zarqa,individual
CUSTJ00432,online,Irbid,individual
CUSTJ00433,online,Irbid,individual
CUSTJ00434,offline,Amman,office
CUSTJ00435,online,Aqaba,individual
CUSTJ00436,offline,Amman,individual
CUSTJ00437,offline,Amman,individual
CUSTJ00438,offline,Amman,government
CUSTJ00438,online,Madaba,government
CUSTJ00439,offline,Amman,individual
CUSTJ00439,online,Irbid,individual
CUSTJ00440,offline,Amman,company
CUSTJ00440,online,Irbid,company
CUSTJ00441,offline,Amman,company
CUSTJ00441,online,Irbid,company
CUSTJ00442,offline,Amman,office
CUSTJ00443,offline,Amman,individual
CUSTJ00444,offline,Amman,individual
CUSTJ00445,offline,Amman,company
CUSTJ00445,online,Irbid,company
CUSTJ00446,offline,Amman,office
CUSTJ00446,online,Karak,office
CUSTJ00447,offline,Amman,individual
CUSTJ00447,online,Madaba,individual
CUSTJ00448,offline,Amman,individual
CUSTJ00449,online,Irbid,individual
CUSTJ00450,offline,Amman,individual
CUSTJ00450,online,Irbid,individual
CUSTJ00451,online,Zarqa,individual
CUSTJ00452,offline,Amman,office
CUSTJ00452,online,Karak,office
CUSTJ00453,offline,Amman,individual
CUSTJ00454,offline,Amman,government
CUSTJ00454,online,Amman,government
CUSTJ00455,offline,Amman,government
CUSTJ00455,online,Irbid,government
CUSTJ00456,offline,Amman,individual
CUSTJ00457,offline,Amman,individual
CUSTJ00457,online,Zarqa,individual
CUSTJ00458,offline,Amman,individual
CUSTJ00459,offline,Amman,government
CUSTJ00459,online,Irbid,government
CUSTJ00460,online,Amman,individual
CUSTJ00461,online,Amman,individual
CUSTJ00462,offline,Amman,office
CUSTJ00462,online,Irbid,office
CUSTJ00463,online,Zarqa,individual
CUSTJ00464,online,Irbid,individual
CUSTJ00465,offline,Amman,individual
CUSTJ00466,online,Irbid,office
CUSTJ00467,offline,Amman,individual
CUSTJ00467,online,Irbid,individual
CUSTJ00468,offline,Amman,office
CUSTJ00468,online,Irbid,office
CUSTJ00469,offline,Amman,office
CUSTJ00469,online,Zarqa,office
CUSTJ00470,offline,Amman,individual
CUSTJ00470,online,Irbid,individual
CUSTJ00471,offline,Amman,individual
CUSTJ00472,online,Karak,individual
CUSTJ00473,offline,Amman,university
CUSTJ00473,online,Irbid,university
CUSTJ00474,offline,Amman,office
CUSTJ00474,online,Irbid,office
CUSTJ00475,offline,Amman,individual
CUSTJ00475,online,Amman,individual
CUSTJ00476,offline,Amman,individual
CUSTJ00477,online,Zarqa,individual
CUSTJ00478,online,Aqaba,individual
CUSTJ00479,online,Zarqa,individual
CUSTJ00480,offline,Amman,individual
CUSTJ00480,online,Irbid,individual
CUSTJ00481,offline,Amman,individual
CUSTJ00482,offline,Amman,individual
CUSTJ00483,online,Zarqa,individual
CUSTJ00484,offline,Amman,individual
CUSTJ00484,online,Zarqa,individual
CUSTJ00485,offline,Amman,office
CUSTJ00485,online,Amman,office
CUSTJ00486,offline,Amman,individual
CUSTJ00486,online,Irbid,individual
CUSTJ00487,offline,Amman,individual
CUSTJ00488,online,Zarqa,individual
CUSTJ00489,offline,Amman,individual
CUSTJ00490,offline,Amman,individual
CUSTJ00491,offline,Amman,office
CUSTJ00491,online,Irbid,office
CUSTJ00492,online,Irbid,individual
CUSTJ00493,offline,Amman,office
CUSTJ00493,online,Irbid,office
CUSTJ00494,offline,Amman,office
CUSTJ00494,online,Irbid,office
CUSTJ00495,offline,Amman,individual
CUSTJ00496,offline,Amman,company
CUSTJ00496,online,Aqaba,company
CUSTJ00497,online,Irbid,individual
CUSTJ00498,online,Madaba,individual
CUSTJ00499,offline,Amman,individual
CUSTJ00499,online,Irbid,individual
CUSTJ00500,offline,Amman,individual
CUSTL00001,online,Baalbek,individual
CUSTL00002,online,Jbeil,individual
CUSTL00003,offline,Tripoli,office
CUSTL00003,online,Tripoli,office
CUSTL00004,online,Beirut,individual
CUSTL00005,online,Beirut,individual
CUSTL00006,online,Beirut,individual
CUSTL00007,online,Beirut,individual
CUSTL00008,online,Beirut,individual
CUSTL00009,online,Jbeil,office
CUSTL00010,online,Baalbek,individual
CUSTL00011,online,Baalbek,individual
CUSTL00012,online,Baalbek,individual
CUSTL00013,offline,Beirut,university
CUSTL00013,online,Tripoli,university
CUSTL00014,offline,Baalbek,individual
CUSTL00015,online,Jbeil,individual
CUSTL00016,online,Beirut,individual
CUSTL00017,offline,Baalbek,individual
CUSTL00017,online,Tripoli,individual
CUSTL00018,offline,Jbeil,government
CUSTL00018,online,Jbeil,government
CUSTL00019,offline,Baalbek,government
CUSTL00019,online,Jbeil,government
CUSTL00020,offline,Jbeil,office
CUSTL00020,online,Jbeil,office
CUSTL00021,online,Beirut,individual
CUSTL00022,online,Beirut,individual
CUSTL00023,online,Beirut,individual
CUSTL00024,online,Beirut,individual
CUSTL00025,offline,Jbeil,university
CUSTL00025,online,Jbeil,university
CUSTL00025,unknown,Jbeil,university
CUSTL00026,online,Beirut,individual
CUSTL00027,online,Beirut,individual
CUSTL00028,online,Tripoli,individual
CUSTL00029,online,Beirut,individual
CUSTL00030,online,Baalbek,individual
CUSTL00031,online,Baalbek,individual
CUSTL00032,online,Baalbek,individual
CUSTL00033,offline,Jbeil,university
CUSTL00033,online,Tripoli,university
CUSTL00034,online,Jbeil,office
CUSTL00035,offline,Jbeil,company
CUSTL00035,online,Beirut,company
CUSTL00036,offline,Baalbek,office
CUSTL00036,online,Tripoli,office
CUSTL00036,unknown,Jbeil,office
CUSTL00037,online,Tripoli,individual
CUSTL00038,online,Baalbek,office
CUSTL00039,online,Tripoli,individual
CUSTL00040,online,Tripoli,individual
CUSTL00041,online,Beirut,government
CUSTL00042,online,Beirut,individual
CUSTL00043,online,Jbeil,individual
CUSTL00044,offline,Jbeil,company
CUSTL00044,online,Beirut,company
CUSTL00045,online,Tripoli,individual
CUSTL00046,offline,Baalbek,company
CUSTL00046,online,Jbeil,company
CUSTL00047,offline,Baalbek,individual
CUSTL00048,online,Jbeil,individual
CUSTL00049,online,Beirut,individual
CUSTL00050,online,Jbeil,individual
CUSTL00051,online,Baalbek,individual
CUSTL00052,online,Tripoli,individual
CUSTL00053,online,Jbeil,individual
CUSTL00054,online,Baalbek,individual
CUSTL00055,offline,Baalbek,individual
CUSTL00055,online,Jbeil,individual
CUSTL00056,online,Beirut,individual
CUSTL00057,offline,Beirut,company
CUSTL00057,online,Tripoli,company
CUSTL00058,offline,Jbeil,government
CUSTL00058,online,Jbeil,government
CUSTL00059,online,Beirut,individual
CUSTL00060,offline,Beirut,individual
CUSTL00060,online,Baalbek,individual
CUSTL00061,online,Beirut,individual
CUSTL00062,offline,Jbeil,office
CUSTL00062,online,Tripoli,office
CUSTL00063,online,Baalbek,individual
CUSTL00064,online,Jbeil,individual
CUSTL00065,online,Beirut,individual
CUSTL00066,online,Tripoli,individual
CUSTL00067,offline,Beirut,company
CUSTL00067,online,Beirut,company
CUSTL00068,online,Jbeil,individual
CUSTL00069,online,Baalbek,individual
CUSTL00070,online,Jbeil,office
CUSTL00071,online,Jbeil,individual
CUSTL00072,online,Tripoli,individual
CUSTL00073,online,Beirut,individual
CUSTL00074,online,Jbeil,individual
CUSTL00075,online,Jbeil,individual
CUSTL00076,online,Beirut,individual
CUSTL00077,online,Tripoli,individual
CUSTL00078,offline,Tripoli,office
CUSTL00078,online,Jbeil,office
CUSTL00079,offline,Tripoli,company
CUSTL00079,online,Baalbek,company
CUSTL00080,online,Tripoli,individual
CUSTL00081,offline,Baalbek,company
CUSTL00081,online,Tripoli,company
CUSTL00082,online,Tripoli,individual
CUSTL00083,online,Jbeil,individual
CUSTL00084,online,Tripoli,individual
CUSTL00085,online,Jbeil,individual
CUSTL00086,offline,Baalbek,individual
CUSTL00086,online,Jbeil,individual
CUSTL00087,online,Baalbek,individual
CUSTL00088,offline,Baalbek,office
CUSTL00088,online,Baalbek,office
CUSTL00089,offline,Tripoli,office
CUSTL00089,online,Tripoli,office
CUSTL00090,online,Baalbek,individual
CUSTL00091,online,Baalbek,individual
CUSTL00092,online,Jbeil,individual
CUSTL00093,offline,Jbeil,company
CUSTL00093,online,Tripoli,company
CUSTL00094,online,Tripoli,individual
CUSTL00095,online,Beirut,individual
CUSTL00096,online,Beirut,individual
CUSTL00097,online,Beirut,individual
CUSTL00098,online,Tripoli,individual
CUSTL00099,offline,Jbeil,individual
CUSTL00100,online,Tripoli,individual
CUSTL00101,online,Tripoli,office
CUSTL00102,online,Jbeil,individual
CUSTL00103,offline,Jbeil,individual
CUSTL00103,online,Baalbek,individual
CUSTL00104,online,Beirut,office
CUSTL00105,offline,Beirut,individual
CUSTL00105,online,Beirut,individual
CUSTL00106,offline,Tripoli,company
CUSTL00106,online,Baalbek,company
CUSTL00107,online,Jbeil,individual
CUSTL00108,online,Beirut,office
CUSTL00109,online,Beirut,individual
CUSTL00110,offline,Baalbek,office
CUSTL00110,online,Baalbek,office
CUSTL00111,online,Baalbek,individual
CUSTL00112,online,Jbeil,individual
CUSTL00113,online,Beirut,individual
CUSTL00114,offline,Jbeil,company
CUSTL00114,online,Jbeil,company
CUSTL00115,online,Jbeil,company
CUSTL00116,online,Baalbek,individual
CUSTL00117,offline,Beirut,government
CUSTL00117,online,Jbeil,government
CUSTL00118,online,Tripoli,individual
CUSTL00119,offline,Beirut,office
CUSTL00119,online,Tripoli,office
CUSTL00120,offline,Baalbek,individual
CUSTL00120,online,Baalbek,individual
CUSTL00121,offline,Tripoli,company
CUSTL00121,online,Jbeil,company
CUSTL00122,online,Baalbek,individual
CUSTL00123,online,Jbeil,individual
CUSTL00124,offline,Jbeil,company
CUSTL00124,online,Beirut,company
CUSTL00125,offline,Jbeil,company
CUSTL00125,online,Tripoli,company
CUSTL00126,online,Beirut,individual
CUSTL00127,offline,Baalbek,company
CUSTL00127,online,Tripoli,company
CUSTL00128,online,Tripoli,individual
CUSTL00129,online,Baalbek,individual
CUSTL00130,online,Beirut,individual
CUSTL00131,online,Beirut,individual
CUSTL00132,online,Baalbek,individual
CUSTL00133,online,Beirut,individual
CUSTL00134,online,Baalbek,office
CUSTL00135,offline,Baalbek,individual
CUSTL00135,online,Baalbek,individual
CUSTL00136,online,Beirut,individual
CUSTL00137,online,Beirut,individual
CUSTL00138,offline,Beirut,office
CUSTL00138,online,Jbeil,office
CUSTL00139,online,Baalbek,individual
CUSTL00140,online,Beirut,individual
CUSTL00141,online,Jbeil,individual
CUSTL00142,offline,Jbeil,company
CUSTL00142,online,Beirut,company
CUSTL00143,offline,Jbeil,office
CUSTL00143,online,Tripoli,office
CUSTL00144,online,Jbeil,individual
CUSTL00145,offline,Tripoli,individual
CUSTL00145,online,Beirut,individual
CUSTL00146,online,Baalbek,individual
CUSTL00147,offline,Baalbek,government
CUSTL00147,online,Tripoli,government
CUSTL00148,offline,Baalbek,company
CUSTL00148,online,Baalbek,company
CUSTL00149,offline,Beirut,office
CUSTL00149,online,Jbeil,office
CUSTL00150,offline,Tripoli,government
CUSTL00150,online,Baalbek,government
CUSTL00151,online,Baalbek,individual
CUSTL00152,online,Tripoli,office
CUSTL00153,online,Beirut,individual
CUSTL00154,offline,Jbeil,company
CUSTL00154,online,Beirut,company
CUSTL00155,offline,Tripoli,office
CUSTL00155,online,Beirut,office
CUSTL00156,online,Tripoli,individual
CUSTL00157,online,Baalbek,individual
CUSTL00158,online,Jbeil,office
CUSTL00159,online,Beirut,individual
CUSTL00160,online,Tripoli,individual
CUSTL00161,online,Beirut,individual
CUSTL00162,offline,Baalbek,office
CUSTL00162,online,Baalbek,office
CUSTL00163,online,Jbeil,office
CUSTL00164,offline,Beirut,government
CUSTL00164,online,Jbeil,government
CUSTL00165,online,Jbeil,individual
CUSTL00166,offline,Beirut,company
CUSTL00166,online,Baalbek,company
CUSTL00167,online,Baalbek,individual
CUSTL00168,offline,Baalbek,office
CUSTL00168,online,Jbeil,office
CUSTL00169,offline,Baalbek,individual
CUSTL00169,online,Beirut,individual
CUSTL00170,online,Baalbek,individual
CUSTL00171,online,Tripoli,individual
CUSTL00172,online,Beirut,individual
CUSTL00173,offline,Jbeil,government
CUSTL00173,online,Tripoli,government
CUSTL00174,offline,Baalbek,university
CUSTL00174,online,Tripoli,university
CUSTL00175,online,Jbeil,individual
CUSTL00176,online,Tripoli,individual
CUSTL00177,online,Tripoli,individual
CUSTL00178,offline,Beirut,individual
CUSTL00178,online,Baalbek,individual
CUSTL00179,online,Jbeil,office
CUSTL00180,online,Tripoli,individual
CUSTL00181,offline,Beirut,office
CUSTL00181,online,Beirut,office
CUSTL00182,online,Beirut,individual
CUSTL00183,online,Jbeil,office
CUSTL00184,online,Tripoli,individual
CUSTL00185,offline,Tripoli,individual
CUSTL00185,online,Beirut,individual
CUSTL00186,online,Beirut,individual
CUSTL00187,online,Baalbek,individual
CUSTL00188,offline,Jbeil,company
CUSTL00188,online,Tripoli,company
CUSTL00189,online,Tripoli,individual
CUSTL00190,online,Tripoli,individual
CUSTL00191,online,Jbeil,individual
CUSTL00192,online,Baalbek,individual
CUSTL00193,online,Jbeil,individual
CUSTL00194,offline,Baalbek,individual
CUSTL00194,online,Baalbek,individual
CUSTL00195,online,Baalbek,individual
CUSTL00196,online,Jbeil,individual
CUSTL00197,offline,Jbeil,individual
CUSTL00197,online,Baalbek,individual
CUSTL00198,online,Baalbek,individual
CUSTL00199,online,Tripoli,individual
CUSTL00200,online,Beirut,office
CUSTL00201,online,Tripoli,individual
CUSTL00202,offline,Baalbek,government
CUSTL00202,online,Beirut,government
CUSTL00203,offline,Beirut,company
CUSTL00203,online,Jbeil,company
CUSTL00204,online,Baalbek,individual
CUSTL00205,online,Tripoli,individual
CUSTL00206,online,Baalbek,individual
CUSTL00207,online,Beirut,individual
CUSTL00208,online,Baalbek,individual
CUSTL00209,offline,Baalbek,office
CUSTL00209,online,Baalbek,office
CUSTL00210,offline,Jbeil,individual
CUSTL00211,offline,Jbeil,office
CUSTL00211,online,Baalbek,office
CUSTL00212,online,Beirut,individual
CUSTL00213,online,Baalbek,individual
CUSTL00214,offline,Beirut,individual
CUSTL00214,online,Tripoli,individual
CUSTL00215,offline,Baalbek,individual
CUSTL00216,online,Beirut,individual
CUSTL00217,offline,Jbeil,individual
CUSTL00217,online,Baalbek,individual
CUSTL00218,online,Tripoli,individual
CUSTL00219,offline,Beirut,government
CUSTL00219,online,Beirut,government
CUSTL00219,unknown,Tripoli,government
CUSTL00220,online,Beirut,office
CUSTL00221,online,Beirut,office
CUSTL00222,offline,Tripoli,individual
CUSTL00222,online,Tripoli,individual
CUSTL00223,online,Tripoli,individual
CUSTL00224,online,Tripoli,individual
CUSTL00225,offline,Tripoli,individual
CUSTL00226,online,Baalbek,individual
CUSTL00227,offline,Beirut,individual
CUSTL00228,online,Beirut,office
CUSTL00229,online,Tripoli,office
CUSTL00230,offline,Baalbek,office
CUSTL00230,online,Jbeil,office
CUSTL00231,online,Beirut,individual
CUSTL00232,online,Jbeil,individual
CUSTL00233,online,Jbeil,individual
CUSTL00234,offline,Baalbek,company
CUSTL00234,online,Tripoli,company
CUSTL00235,offline,Baalbek,office
CUSTL00235,online,Baalbek,office
CUSTL00236,offline,Tripoli,individual
CUSTL00236,online,Beirut,individual
CUSTL00237,offline,Baalbek,individual
CUSTL00238,offline,Tripoli,individual
CUSTL00238,online,Jbeil,individual
CUSTL00239,offline,Jbeil,office
CUSTL00239,online,Tripoli,office
CUSTL00240,offline,Baalbek,company
CUSTL00240,online,Tripoli,company
CUSTL00241,offline,Baalbek,company
CUSTL00241,online,Baalbek,company
CUSTL00242,online,Tripoli,individual
CUSTL00243,online,Beirut,individual
CUSTL00244,online,Beirut,office
CUSTL00245,online,Jbeil,individual
CUSTL00246,online,Beirut,individual
CUSTL00247,offline,Jbeil,office
CUSTL00247,online,Baalbek,office
CUSTL00248,online,Tripoli,individual
CUSTL00249,online,Tripoli,individual
CUSTL00250,online,Jbeil,individual
CUSTL00251,online,Beirut,individual
CUSTL00252,offline,Jbeil,office
CUSTL00252,online,Jbeil,office
CUSTL00253,online,Beirut,office
CUSTL00254,offline,Tripoli,office
CUSTL00254,online,Jbeil,office
CUSTL00255,offline,Beirut,company
CUSTL00255,online,Jbeil,company
CUSTL00256,offline,Beirut,individual
CUSTL00257,online,Beirut,individual
CUSTL00258,online,Tripoli,individual
CUSTL00259,online,Beirut,individual
CUSTL00260,offline,Jbeil,office
CUSTL00260,online,Tripoli,office
CUSTL00261,online,Jbeil,individual
CUSTL00262,online,Tripoli,individual
CUSTL00263,online,Tripoli,individual
CUSTL00264,online,Jbeil,individual
CUSTL00265,offline,Jbeil,office
CUSTL00265,online,Baalbek,office
CUSTL00266,online,Tripoli,individual
CUSTL00267,offline,Jbeil,office
CUSTL00267,online,Beirut,office
CUSTL00268,offline,Beirut,office
CUSTL00268,online,Jbeil,office
CUSTL00269,offline,Jbeil,company
CUSTL00269,online,Jbeil,company
CUSTL00270,online,Jbeil,individual
CUSTL00271,online,Jbeil,individual
CUSTL00272,online,Baalbek,individual
CUSTL00273,offline,Beirut,individual
CUSTL00273,online,Tripoli,individual
CUSTL00274,online,Tripoli,individual
CUSTL00275,online,Jbeil,office
CUSTL00276,online,Beirut,individual
CUSTL00277,offline,Jbeil,company
CUSTL00277,online,Jbeil,company
CUSTL00278,online,Baalbek,individual
CUSTL00279,online,Beirut,individual
CUSTL00280,offline,Tripoli,office
CUSTL00280,online,Beirut,office
CUSTL00281,online,Baalbek,individual
CUSTL00282,offline,Tripoli,government
CUSTL00282,online,Tripoli,government
CUSTL00283,online,Tripoli,individual
CUSTL00284,offline,Beirut,office
CUSTL00284,online,Jbeil,office
CUSTL00285,offline,Baalbek,government
CUSTL00285,online,Beirut,government
CUSTL00286,online,Beirut,individual
CUSTL00287,online,Tripoli,individual
CUSTL00288,offline,Tripoli,office
CUSTL00288,online,Jbeil,office
CUSTL00289,online,Baalbek,individual
CUSTL00290,online,Tripoli,office
CUSTL00291,online,Baalbek,individual
CUSTL00292,offline,Baalbek,university
CUSTL00292,online,Tripoli,university
CUSTL00293,offline,Tripoli,individual
CUSTL00294,offline,Beirut,individual
CUSTL00295,online,Baalbek,individual
CUSTL00296,offline,Jbeil,office
CUSTL00296,online,Jbeil,office
CUSTL00297,online,Tripoli,office
CUSTL00298,online,Beirut,individual
CUSTL00299,online,Jbeil,individual
CUSTL00300,online,Tripoli,office
CUSTL00301,online,Jbeil,individual
CUSTL00302,online,Jbeil,individual
CUSTL00303,online,Tripoli,individual
CUSTL00304,online,Tripoli,office
CUSTL00305,offline,Baalbek,office
CUSTL00305,online,Jbeil,office
CUSTL00306,online,Tripoli,individual
CUSTL00307,offline,Jbeil,individual
CUSTL00307,online,Beirut,individual
CUSTL00308,online,Baalbek,office
CUSTL00309,online,Baalbek,individual
CUSTL00310,online,Tripoli,individual
CUSTL00311,online,Tripoli,office
CUSTL00312,offline,Jbeil,company
CUSTL00312,online,Jbeil,company
CUSTL00313,online,Jbeil,individual
CUSTL00314,online,Tripoli,individual
CUSTL00315,online,Jbeil,office
CUSTL00316,online,Baalbek,individual
CUSTL00317,online,Jbeil,individual
CUSTL00318,offline,Jbeil,government
CUSTL00318,online,Tripoli,government
CUSTL00319,offline,Tripoli,individual
CUSTL00319,online,Baalbek,individual
CUSTL00320,online,Tripoli,individual
CUSTL00321,offline,Baalbek,office
CUSTL00321,online,Jbeil,office
CUSTL00322,online,Jbeil,individual
CUSTL00323,offline,Beirut,individual
CUSTL00324,online,Beirut,individual
CUSTL00325,offline,Tripoli,office
CUSTL00325,online,Beirut,office
CUSTL00326,online,Baalbek,individual
CUSTL00327,offline,Jbeil,university
CUSTL00327,online,Tripoli,university
CUSTL00328,online,Baalbek,individual
CUSTL00329,online,Jbeil,individual
CUSTL00330,offline,Jbeil,individual
CUSTL00331,online,Tripoli,individual
CUSTL00332,offline,Beirut,individual
CUSTL00333,online,Jbeil,individual
CUSTL00334,offline,Beirut,government
CUSTL00334,online,Baalbek,government
CUSTL00335,online,Jbeil,individual
CUSTL00336,online,Jbeil,individual
CUSTL00337,offline,Jbeil,individual
CUSTL00337,online,Baalbek,individual
CUSTL00338,offline,Beirut,office
CUSTL00338,online,Beirut,office
CUSTL00339,offline,Beirut,individual
CUSTL00339,online,Tripoli,individual
CUSTL00340,online,Baalbek,individual
CUSTL00341,online,Tripoli,individual
CUSTL00342,offline,Tripoli,individual
CUSTL00342,online,Beirut,individual
CUSTL00343,online,Tripoli,individual
CUSTL00344,online,Baalbek,office
CUSTL00345,online,Baalbek,individual
CUSTL00346,online,Jbeil,office
CUSTL00347,offline,Tripoli,company
CUSTL00347,online,Beirut,company
CUSTL00348,online,Jbeil,individual
CUSTL00349,online,Tripoli,individual
CUSTL00350,online,Jbeil,individual
CUSTL00351,online,Beirut,individual
CUSTL00352,online,Baalbek,individual
CUSTL00353,online,Tripoli,individual
CUSTL00354,offline,Baalbek,company
CUSTL00354,online,Beirut,company
CUSTL00355,online,Baalbek,individual
CUSTL00356,offline,Jbeil,individual
CUSTL00357,online,Beirut,individual
CUSTL00358,online,Tripoli,individual
CUSTL00359,offline,Beirut,company
CUSTL00359,online,Beirut,company
CUSTL00360,online,Beirut,individual
CUSTL00361,online,Baalbek,individual
CUSTL00362,offline,Beirut,company
CUSTL00362,online,Beirut,company
CUSTL00363,online,Beirut,individual
CUSTL00364,online,Baalbek,individual
CUSTL00365,online,Jbeil,individual
CUSTL00366,online,Jbeil,individual
CUSTL00367,online,Tripoli,individual
CUSTL00368,offline,Jbeil,university
CUSTL00368,online,Beirut,university
CUSTL00369,online,Jbeil,individual
CUSTL00370,online,Jbeil,individual
CUSTL00371,online,Beirut,individual
CUSTL00372,offline,Jbeil,university
CUSTL00372,online,Jbeil,university
CUSTL00373,online,Jbeil,individual
CUSTL00374,online,Tripoli,individual
CUSTL00375,online,Tripoli,office
CUSTL00376,online,Beirut,individual
CUSTL00377,online,Jbeil,individual
CUSTL00378,offline,Tripoli,individual
CUSTL00378,online,Beirut,individual
CUSTL00379,online,Beirut,individual
CUSTL00380,online,Jbeil,individual
CUSTL00381,online,Tripoli,individual
CUSTL00382,offline,Jbeil,individual
CUSTL00383,offline,Tripoli,office
CUSTL00383,online,Jbeil,office
CUSTL00384,online,Tripoli,individual
CUSTL00385,online,Beirut,individual
CUSTL00386,offline,Baalbek,individual
CUSTL00387,offline,Beirut,individual
CUSTL00388,offline,Baalbek,office
CUSTL00388,online,Tripoli,office
CUSTL00389,online,Jbeil,office
CUSTL00390,offline,Beirut,office
CUSTL00390,online,Tripoli,office
CUSTL00391,online,Beirut,office
CUSTL00392,offline,Baalbek,individual
CUSTL00393,online,Baalbek,office
CUSTL00394,online,Baalbek,individual
CUSTL00395,offline,Jbeil,company
CUSTL00395,online,Baalbek,company
CUSTL00396,online,Tripoli,individual
CUSTL00397,online,Jbeil,individual
CUSTL00398,online,Jbeil,individual
CUSTL00399,online,Jbeil,individual
CUSTL00400,online,Beirut,individual
CUSTL00401,online,Baalbek,individual
CUSTL00402,online,Beirut,individual
CUSTL00403,offline,Tripoli,individual
CUSTL00403,online,Tripoli,individual
CUSTL00404,offline,Baalbek,office
CUSTL00404,online,Beirut,office
CUSTL00405,online,Tripoli,individual
CUSTL00406,offline,Jbeil,company
CUSTL00406,online,Tripoli,company
CUSTL00407,online,Baalbek,individual
CUSTL00408,online,Jbeil,individual
CUSTL00409,online,Baalbek,individual
CUSTL00410,online,Baalbek,individual
CUSTL00411,offline,Tripoli,company
CUSTL00411,online,Jbeil,company
CUSTL00412,online,Tripoli,individual
CUSTL00413,online,Tripoli,individual
CUSTL00414,online,Beirut,individual
CUSTL00415,online,Baalbek,individual
CUSTL00416,offline,Baalbek,individual
CUSTL00417,online,Baalbek,individual
CUSTL00418,offline,Jbeil,office
CUSTL00418,online,Baalbek,office
CUSTL00419,offline,Jbeil,office
CUSTL00419,online,Baalbek,office
CUSTL00420,online,Jbeil,individual
CUSTL00421,online,Beirut,office
CUSTL00422,online,Jbeil,individual
CUSTL00423,online,Beirut,individual
CUSTL00424,online,Tripoli,office
CUSTL00425,offline,Jbeil,individual
CUSTL00426,offline,Jbeil,government
CUSTL00426,online,Beirut,government
CUSTL00427,offline,Jbeil,individual
CUSTL00428,offline,Beirut,office
CUSTL00428,online,Jbeil,office
CUSTL00429,online,Baalbek,individual
CUSTL00430,offline,Baalbek,office
CUSTL00430,online,Jbeil,office
CUSTL00431,online,Beirut,individual
CUSTL00432,offline,Jbeil,office
CUSTL00432,online,Jbeil,office
CUSTL00433,online,Baalbek,office
CUSTL00434,online,Jbeil,individual
CUSTL00435,online,Tripoli,office
CUSTL00436,offline,Jbeil,company
CUSTL00436,online,Jbeil,company
CUSTL00437,offline,Baalbek,office
CUSTL00437,online,Jbeil,office
CUSTL00438,online,Tripoli,individual
CUSTL00439,online,Jbeil,individual
CUSTL00440,online,Baalbek,individual
CUSTL00441,online,Beirut,office
CUSTL00442,online,Baalbek,individual
CUSTL00443,offline,Beirut,individual
CUSTL00443,online,Baalbek,individual
CUSTL00444,offline,Jbeil,individual
CUSTL00444,online,Baalbek,individual
CUSTL00445,online,Beirut,individual
CUSTL00446,online,Beirut,individual
CUSTL00447,online,Baalbek,office
CUSTL00448,offline,Beirut,office
CUSTL00448,online,Baalbek,office
CUSTL00449,online,Baalbek,individual
CUSTL00450,online,Jbeil,individual
CUSTL00451,offline,Jbeil,company
CUSTL00451,online,Baalbek,company
CUSTL00452,online,Jbeil,individual
CUSTL00453,offline,Baalbek,office
CUSTL00453,online,Baalbek,office
CUSTL00454,online,Tripoli,individual
CUSTL00455,online,Jbeil,individual
CUSTL00456,online,Beirut,individual
CUSTL00457,offline,Baalbek,individual
CUSTL00458,online,Tripoli,individual
CUSTL00459,offline,Tripoli,individual
CUSTL00460,online,Jbeil,individual
CUSTL00461,online,Beirut,office
CUSTL00462,offline,Beirut,company
CUSTL00462,online,Beirut,company
CUSTL00463,online,Beirut,individual
CUSTL00464,online,Jbeil,individual
CUSTL00465,offline,Beirut,office
CUSTL00465,online,Tripoli,office
CUSTL00466,offline,Beirut,individual
CUSTL00466,online,Jbeil,individual
CUSTL00467,online,Tripoli,individual
CUSTL00468,online,Tripoli,office
CUSTL00469,offline,Baalbek,individual
CUSTL00470,online,Tripoli,office
CUSTL00471,online,Tripoli,individual
CUSTL00472,online,Tripoli,individual
CUSTL00473,online,Beirut,individual
CUSTL00474,offline,Beirut,government
CUSTL00474,online,Beirut,government
CUSTL00475,online,Jbeil,individual
CUSTL00476,online,Jbeil,individual
CUSTL00477,offline,Tripoli,individual
CUSTL00478,offline,Jbeil,government
CUSTL00478,online,Beirut,government
CUSTL00479,offline,Tripoli,individual
CUSTL00480,online,Beirut,individual
CUSTL00481,offline,Beirut,individual
CUSTL00481,online,Beirut,individual
CUSTL00482,offline,Baalbek,individual
CUSTL00483,online,Tripoli,individual
CUSTL00484,online,Baalbek,individual
CUSTL00485,online,Tripoli,individual
CUSTL00486,online,Tripoli,individual
CUSTL00487,offline,Baalbek,university
CUSTL00487,online,Baalbek,university
CUSTL00488,online,Baalbek,individual
CUSTL00489,online,Tripoli,individual
CUSTL00490,online,Beirut,individual
CUSTL00491,online,Jbeil,individual
CUSTL00492,offline,Jbeil,office
CUSTL00492,online,Beirut,office
CUSTL00493,offline,Tripoli,office
CUSTL00493,online,Baalbek,office
CUSTL00494,offline,Baalbek,university
CUSTL00494,online,Beirut,university
CUSTL00495,online,Tripoli,individual
CUSTL00496,online,Tripoli,individual
CUSTL00497,offline,Jbeil,office
CUSTL00497,online,Baalbek,office
CUSTL00498,online,Beirut,individual
CUSTL00499,online,Tripoli,individual
CUSTL00500,online,Baalbek,individual
